Complexity,Loss,Equation
1,1740.6948,"111.70467"
3,1685.4839,"x0 - -69.28586"
5,1674.0718,"(x0 * 0.70729345) + 81.703896"
7,1598.6737,"((x0 * -0.04770007) + 4.8085217) * x0"
9,1597.8098,"(((x0 * -0.053001203) + 5.293552) * x0) - 10.41562"
11,1597.8097,"-10.393108 - (x0 * (x0 + (-5.2925544 - (x0 * 0.947011))))"
17,1597.8093,"((((-14.220998 - ((x0 + x0) * -0.973497)) + 19.515545) - (x0 + x0)) * x0) - 10.439774"
19,1597.8085,"(((((x0 - -14.5940275) + 1.7658042) + x0) + (-11.0717125 - ((x0 + x0) * 1.0264703))) * x0) - 10.298175"
25,1594.9197,"((((x0 - -22.28288) + ((((x0 * (x0 * 0.00041155342)) + -18.915537) - (x0 + (x0 * 0.10770262))) + 4.152978)) * x0) - 23.0775) + -15.274786"
